episode_name,season_number,episode_number,Serial Key,story_number,episode_title,aired year,first_aired data,production_code,uk_viewers(millions),uk_viewers,rating,duration,writer,director,doctor,imdb_rating,rating_n,rating_n/viewers(%),desc
S1E1 Rose,1,1,S1E1,157,Rose,2005,2005-03-26,1.1,10.81,10810000.00,76,45,Russell T Davies,Keith Boak,Christopher Eccleston,7.5,8301,0.08,When ordinary shop-worker Rose Tyler meets a mysterious stranger called the Doctor she is drawn into his strange and dangerous world; her life will never be the same again.
S1E2 The End of the World,1,2,S1E2,158,The End of the World,2005,2005-04-02,1.2,7.97,7970000.00,76,44,Russell T Davies,Euros Lyn,Christopher Eccleston,7.5,7279,0.09,The Doctor takes Rose to the year 5 billion to witness the destruction of the Earth.
S1E3 The Unquiet Dead,1,3,S1E3,159,The Unquiet Dead,2005,2005-04-09,1.3,8.86,8860000.00,80,44,Mark Gatiss,Euros Lyn,Christopher Eccleston,7.5,6804,0.08,The Doctor has great expectations for his latest adventure when he and Rose join forces with Charles Dickens to investigate a mysterious plague of zombies.
S1E4 Aliens of London,1,4,S1E4,160a,Aliens of London,2005,2005-04-16,1.4,7.63,7630000.00,82,45,Russell T Davies,Keith Boak,Christopher Eccleston,7,6543,0.09,"The Doctor returns Rose to her own time - well, sort of - but her family reunion is ruined when a spaceship crashes in the middle of London. What is the origin of the spaceship, and where has the Prime Minister gone in this time of crisis?"
S1E5 World War Three,1,5,S1E5,160b,World War Three,2005,2005-04-23,1.5,7.98,7980000.00,81,42,Russell T Davies,Keith Boak,Christopher Eccleston,7,6337,0.08,The Slitheen have infiltrated Parliament and have the Doctor and his friends trapped as the Doctor works to prevent them from starting World War Three.
S1E6 Dalek,1,6,S1E6,161,Dalek,2005,2005-04-30,1.6,8.63,8630000.00,84,45,Robert Shearman,Joe Ahearne,Christopher Eccleston,8.7,7211,0.08,"The TARDIS is drawn to an alien museum deep below the Utah desert, where a ruthless billionaire keeps prisoner the last of the Doctor's most fearsome enemies."
S1E7 The Long Game,1,7,S1E7,162,The Long Game,2005,2005-05-07,1.7,8.01,8010000.00,81,44,Russell T Davies,Brian Grant,Christopher Eccleston,7.1,6255,0.08,"In the year 200,000 the Doctor discovers that a satellite with a dark secret is controlling humanity and slowing its development."
S1E8 Father's Day,1,8,S1E8,163,Father's Day,2005,2005-05-14,1.8,8.06,8060000.00,83,45,Paul Cornell,Joe Ahearne,Christopher Eccleston,8.4,6889,0.09,"Rose asks The Doctor to take her to 1987, on the day her father was killed."
S1E9 The Empty Child,1,9,S1E9,164a,The Empty Child,2005,2005-05-21,1.9,7.11,7110000.00,84,45,Steven Moffat,James Hawes,Christopher Eccleston,9.2,8383,0.12,"When a spaceship crashes in the middle of the London Blitz the Doctor, Rose and the enigmatic Captain Jack Harkness find themselves investigating a plague of physical injuries and a little boy in a gas mask."
S1E10 The Doctor Dances,1,10,S1E10,164b,The Doctor Dances,2005,2005-05-28,1.1,6.86,6860000.00,85,45,Steven Moffat,James Hawes,Christopher Eccleston,9.2,7702,0.11,The gas mask zombies are on the rise as the plague spreads across war-torn London.
S1E11 Boom Town,1,11,S1E11,165,Boom Town,2005,2005-06-04,1.11,7.68,7680000.00,82,45,Russell T Davies,Joe Ahearne,Christopher Eccleston,7.1,5981,0.08,"Stopping off in present-day Cardiff to recharge the TARDIS, The Doctor, Rose and Jack meet up with Mickey and encounter an old foe in the midst of hatching a scheme that could destroy the entire planet."
S1E12 Bad Wolf,1,12,S1E12,166a,Bad Wolf,2005,2005-06-11,1.12,6.81,6810000.00,86,45,Russell T Davies,Joe Ahearne,Christopher Eccleston,8.7,6799,0.1,"The Doctor, Rose and Jack are separated and forced to compete in twisted and deadly games on the Game Station."
S1E13 The Parting of the Ways,1,13,S1E13,166b,The Parting of the Ways,2005,2005-06-18,1.13,6.91,6910000.00,89,45,Russell T Davies,Joe Ahearne,Christopher Eccleston,9.1,7312,0.11,"As the Dalek fleet begin their attack on the Earth, the Doctor and his allies make one final stand."
S2E0 The Christmas Invasion,2,0,S2E0,167,The Christmas Invasion,2005,2005-12-25,2X,9.84,9840000.00,84,60,Russell T Davies,James Hawes,David Tennant,8.1,6716,0.07,"It's Christmas Eve, but this is to be a far from silent night - the cruel Sycorax have come to Earth to enslave mankind and, as ever, only The Doctor can stop them. Unfortunately, he's lying in a coma in Jackie's home..."
S2E1 New Earth,2,1,S2E1,168,New Earth,2006,2006-04-15,2.1,8.62,8620000.00,85,45,Russell T Davies,James Hawes,David Tennant,7.4,6275,0.07,The Doctor and Rose arrive on New Earth and meet old friends and enemies in a hospital which can cure every disease. But the cures come at a terrible cost.
S2E2 Tooth and Claw,2,2,S2E2,169,Tooth and Claw,2006,2006-04-22,2.2,9.24,9240000.00,83,45,Russell T Davies,Euros Lyn,David Tennant,7.7,6398,0.07,"The Doctor and Rose are transported to 19th Century Scotland, where they meet Queen Victoria, and try to protect her from a ravenous werewolf and a band of assassinating warrior-monks"
S2E3 School Reunion,2,3,S2E3,170,School Reunion,2006,2006-04-29,2.3,8.31,8310000.00,85,45,Toby Whithouse,James Hawes,David Tennant,8.3,6803,0.08,"The Krillitanes - aliens with a mix-and-match physiology - are trying to crack the 'God-Maker', a paradigm to give them ultimate power. They are using children as a computer, and only the Doctor and Rose, re-united with Sarah Jane Smith and K9 can prevent them from becoming masters of time and space."
S2E4 The Girl in the Fireplace,2,4,S2E4,171,The Girl in the Fireplace,2006,2006-05-06,2.4,7.9,7900000.0,84,45,Steven Moffat,Euros Lyn,David Tennant,9.3,10469,0.13,"The Doctor, Mickey and Rose land on a spaceship in the 51st century only to find 18th century Versailles on board, the time of Madame De Pompadour! To find out what's going on the Doctor must enter Versailles and save Madame De Popmpadour but it turns into an emotional roller coaster for the Doctor."
S2E5 Rise of the Cybermen,2,5,S2E5,172a,Rise of the Cybermen,2006,2006-05-13,2.5,9.22,9220000.00,86,45,Tom MacRae,Graeme Harper,David Tennant,7.8,5989,0.06,"The TARDIS crash lands in London on a parallel world, where Rose's dad is still alive, people are disappearing off the streets and one of the Doctor's deadliest enemies is about to be reborn."
S2E6 The Age of Steel,2,6,S2E6,172b,The Age of Steel,2006,2006-05-20,2.6,7.63,7630000.00,86,45,Tom MacRae,Graeme Harper,David Tennant,7.9,5924,0.08,The Cybermen take control of London as the population is enslaved and the Doctor and his friends become fugitives.
S2E7 The Idiot's Lantern,2,7,S2E7,173,The Idiot's Lantern,2006,2006-05-27,2.7,6.76,6760000.00,84,45,Mark Gatiss,Euros Lyn,David Tennant,6.7,6114,0.09,"As the coronation of Elizabeth II nears, the streets of London live in fear. Faceless people are stolen from their homes in the night and something evil is lurking in the television."
S2E8 The Impossible Planet,2,8,S2E8,174a,The Impossible Planet,2006,2006-06-03,2.8,6.32,6320000.00,85,45,Matt Jones,James Strong,David Tennant,8.7,6869,0.11,"When the Doctor and Rose become stranded on a planet orbiting a black hole, they find a human expedition crew and their servants, the Ood, being terrorised by the Devil."
S2E9 The Satan Pit,2,9,S2E9,174b,The Satan Pit,2006,2006-06-10,2.9,6.08,6080000.00,86,45,Matt Jones,James Strong,David Tennant,8.8,7075,0.12,"The Doctor risks his life to investigate the pit and is forced to make a terrible decision, while Rose and the crew fend for their lives against the Legion of the Beast."
S2E10 Love & Monsters,2,10,S2E10,175,Love & Monsters,2006,2006-06-17,2.10,6.66,6660000.00,76,45,Russell T Davies,Dan Zeff,David Tennant,6.1,7169,0.11,"Elton Pope is an ordinary man intrigued by the world of the Doctor. When he and fellow enthusiasts - L.I.N.D.A. - meet the mysterious Victor Kennedy, their lives will never be the same again."
S2E11 Fear Her,2,11,S2E11,176,Fear Her,2006,2006-06-24,2.11,7.14,7140000.00,83,45,Matthew Graham,Euros Lyn,David Tennant,5.9,6367,0.09,"When children vanish into thin air in 2012 London, the Doctor and Rose find the answers in a seemingly ordinary household and a girl whose drawings can come to life."
S2E12 Army of Ghosts,2,12,S2E12,177a,Army of Ghosts,2006,2006-07-01,2.12,8.19,8190000.00,86,45,Russell T Davies,Graeme Harper,David Tennant,8.5,6229,0.08,"When ghosts of loved ones appear all over the world the Doctor traces the phenomena to the Torchwood Tower, where some old friends and enemies are waiting."
S2E13 Doomsday,2,13,S2E13,177b,Doomsday,2006,2006-07-08,2.13,8.22,8220000.00,89,45,Russell T Davies,Graeme Harper,David Tennant,9.3,8494,0.1,"Earth becomes a battleground for the Daleks and the Cybermen. With the whole planet at stake and the Genesis Ark activated, how much will the Doctor sacrifice in order to end the war?"
S3E0 The Runaway Bride,3,0,S3E0,178,The Runaway Bride,2006,2006-12-25,3X,9.35,9350000.00,84,60,Russell T Davies,Euros Lyn,David Tennant,7.6,6351,0.07,"The Doctor is baffled when a young woman is transported to the TARDIS on her wedding day, and attempts to find out how she is connected to an alien plot to destroy Earth."
S3E1 Smith and Jones,3,1,S3E1,179,Smith and Jones,2007,2007-03-31,3.1,8.71,8710000.00,88,45,Russell T Davies,Charles Palmer,David Tennant,8,6211,0.07,"When the hospital she works at is transported to the moon, medical student Martha Jones joins forces with The Doctor to hunt down an alien fugitive before the oxygen runs out."
S3E2 The Shakespeare Code,3,2,S3E2,180,The Shakespeare Code,2007,2007-04-07,3.2,7.23,7230000.00,87,45,Gareth Roberts,Charles Palmer,David Tennant,7.6,6241,0.09,"The Doctor takes Martha to London in 1599, where William Shakespeare's new play is being used by three witches in an evil plan."
S3E3 Gridlock,3,3,S3E3,181,Gridlock,2007,2007-04-14,3.3,8.41,8410000.00,85,45,Russell T Davies,Richard Clark,David Tennant,8,6400,0.08,"The Doctor takes Martha to New Earth, where she is kidnapped by two carjackers and taken to an underground Motorway, where the remainder of humanity on the planet live in perpetual gridlock."
S3E4 Daleks in Manhattan,3,4,S3E4,182a,Daleks in Manhattan,2007,2007-04-21,3.4,6.69,6690000.00,86,45,Helen Raynor,James Strong,David Tennant,7,5850,0.09,"The Doctor and Martha travel to New York in 1930, where people have been mysteriously vanishing from the streets, and an old enemy resurfaces."
S3E5 Evolution of the Daleks,3,5,S3E5,182b,Evolution of the Daleks,2007,2007-04-28,3.5,6.97,6970000.00,85,45,Helen Raynor,James Strong,David Tennant,6.9,5869,0.08,"Concluding part to Daleks in Manhattan. In 1930s New York, the Daleks' plan is in full force. Faced with the cyborgs' most evil and dangerous scheme yet, will the Doctor and Martha be able to defeat their greatest opponents?"
S3E6 The Lazarus Experiment,3,6,S3E6,183,The Lazarus Experiment,2007,2007-05-05,3.6,7.19,7190000.00,86,45,Stephen Greenhorn,Richard Clark,David Tennant,6.5,5879,0.08,The famous Dr Lazarus has appeared to discover the secret of eternal youth - but do his experiments hide a sinister secret?
S3E7 42,3,7,S3E7,184,42,2007,2007-05-19,3.7,7.41,7410000.00,85,45,Chris Chibnall,Graeme Harper,David Tennant,7.3,5719,0.08,"On a spaceship headed straight for the centre of the sun, the Doctor only has 42 minutes to save Martha and the ship's crew from an inevitable doom."
S3E8 Human Nature,3,8,S3E8,185a,Human Nature,2007,2007-05-26,3.8,7.74,7740000.00,86,45,Paul Cornell,Charles Palmer,David Tennant,9,7354,0.1,"In 1913, Martha watches in jealousy from afar as The Doctor learns what it is to be human and to fall in love with the local school nurse, Joan Redfern."
S3E9 The Family of Blood,3,9,S3E9,185b,The Family of Blood,2007,2007-06-02,3.9,7.21,7210000.00,86,45,Paul Cornell,Charles Palmer,David Tennant,9.2,8121,0.11,"The Doctor must deal with the repercussions of his decision to become human, as The Family Of Blood unveil themselves..."
S3E10 Blink,3,10,S3E10,186,Blink,2007,2007-06-09,3.10,6.62,6620000.00,87,45,Steven Moffat,Hettie MacDonald,David Tennant,9.8,19688,0.3,Sally Sparrow receives a cryptic message from the Doctor about a mysterious new enemy species that is after the TARDIS.
S3E11 Utopia,3,11,S3E11,187a,Utopia,2007,2007-06-16,3.11,7.84,7840000.00,87,45,Russell T Davies,Graeme Harper,David Tennant,8.7,6592,0.08,"Soon after bumping into old friend Jack Harkness, Martha and The Doctor head off to Malcassairo, a distant planet where an old professor will do anything he can to keep his people alive..."
S3E12 The Sound of Drums,3,12,S3E12,187b,The Sound of Drums,2007,2007-06-23,3.12,7.51,7510000.00,87,45,Russell T Davies,Colin Teague,David Tennant,8.7,6649,0.09,"The Doctor, Martha and Jack return to the 21st Century eighteen months after the Doctor and Martha left. They find they've missed the election, and the new Prime Minister, Harold Saxon, is someone they've met before by another name."
S3E13 Last of the Time Lords,3,13,S3E13,187c,Last of the Time Lords,2007,2007-06-30,3.13,8.61,8610000.00,88,52,Russell T Davies,Colin Teague,David Tennant,8.3,6899,0.08,"It's been a year since The Master unleashed the mysterious Toclafane onto Earth. With the human race and The Doctor enslaved under The Master's control, Martha Jones is the only person that can help stop the evil Time Lord."
S4E0 Voyage of the Damned,4,0,S4E0,188,Voyage of the Damned,2007,2007-12-25,4X,13.31,13310000.00,86,72,Russell T Davies,James Strong,David Tennant,7.6,6467,0.05,"A spacecraft set on an apocalyptic collision course with Earth, a host of killer robot angels and an evil severed headed mastermind - it's just another Christmas for the Doctor... 2007 Christmas special guest starring Kylie Minogue."
S4E1 Partners in Crime,4,1,S4E1,189,Partners in Crime,2008,2008-04-05,4.1,9.14,9140000.00,88,50,Russell T Davies,James Strong,David Tennant,7.8,6105,0.07,"With a new weight-loss pill tested in London by Adipose Industries, The Doctor goes to investigate the sinister truth behind the product, only to find out that his old friend Donna Noble is investigating as well."
S4E2 The Fires of Pompeii,4,2,S4E2,190,The Fires of Pompeii,2008,2008-04-12,4.3,9.04,9040000.00,87,50,James Moran,Colin Teague,David Tennant,8,6295,0.07,"Instead of Rome, The Doctor and Donna Noble end up visiting Pompeii in AD 79, on the eve of the catastrophic eruption of Mount Vesuvius. Before anyone even knew it was actually a volcano, the entire city is doomed for destruction."
S4E3 Planet of the Ood,4,3,S4E3,191,Planet of the Ood,2008,2008-04-19,4.2,7.5,7500000.0,87,45,Keith Temple,Graeme Harper,David Tennant,8.1,6012,0.08,"Finding themselves on the Ood-Sphere planet in the 42nd century, The Doctor and Donna discover the truth over the Ood's willingness to serve humankind."
S4E4 The Sontaran Stratagem,4,4,S4E4,192a,The Sontaran Stratagem,2008,2008-04-26,4.4,7.06,7060000.00,87,45,Helen Raynor,Douglas Mackinnon,David Tennant,7.5,5423,0.08,UNIT's newest recruit Martha Jones enlists The Doctor's help to investigate kid genius Luke Rattigan and his ATMOS system that is used in every car on Earth.
S4E5 The Poison Sky,4,5,S4E5,192b,The Poison Sky,2008,2008-05-03,4.5,6.53,6530000.00,88,45,Helen Raynor,Douglas Mackinnon,David Tennant,7.5,5393,0.08,"With planet Earth choking under the poison sky, the Doctor must stop the Sontarans' threat to the planet."
S4E6 The Doctor's Daughter,4,6,S4E6,193,The Doctor's Daughter,2008,2008-05-10,4.6,7.33,7330000.00,88,45,Stephen Greenhorn,Alice Troughton,David Tennant,7.6,6044,0.08,"Caught in the middle of a war between the Humans and the Hath in the planet Messaline, the Doctor finds himself once again a father."
S4E7 The Unicorn and the Wasp,4,7,S4E7,194,The Unicorn and the Wasp,2008,2008-05-17,4.7,8.41,8410000.00,86,45,Gareth Roberts,Graeme Harper,David Tennant,7.7,5920,0.07,"With a 1926 dinner party turning into a murder mystery, The Doctor and Donna Noble get the chance to meet Agatha Christie on the eve of her well-known 9-days disappearance."
S4E8 Silence in the Library,4,8,S4E8,195a,Silence in the Library,2008,2008-05-31,4.9,6.27,6270000.00,89,45,Steven Moffat,Euros Lyn,David Tennant,9.4,8792,0.14,The Doctor and Donna join a group of archaeologists at a 51st century library. What caused the library to become abandoned? What are the Nodes? And what links the library to one little girl? All they have is one warning - count the shadows.
S4E9 Forest of the Dead,4,9,S4E9,195b,Forest of the Dead,2008,2008-06-07,4.10,7.84,7840000.00,89,45,Steven Moffat,Euros Lyn,David Tennant,9.5,9105,0.12,"With the library darkening, the Doctor takes on the Vashta Nerada while figuring out what links River Song to his future. Meanwhile, Donna finds out the mystery of Dr. Moon and the Girl."
S4E10 Midnight,4,10,S4E10,196,Midnight,2008,2008-06-14,4.8,8.05,8050000.00,86,45,Russell T Davies,Alice Troughton,David Tennant,9.1,8100,0.1,"As part of a well-deserved holiday, the Doctor takes a tour on a planet called Midnight. Little does he know that something is knocking on the walls, although the planet shouldn't be inhabited. Soon the passengers begin to panic when one of them is possessed."
S4E11 Turn Left,4,11,S4E11,197,Turn Left,2008,2008-06-21,4.11,8.09,8090000.00,88,50,Russell T Davies,Graeme Harper,David Tennant,8.9,6886,0.09,"What would happen if Donna never met the Doctor? How would Earth handle the Racnoss, the falling Titanic or the Sontarans? Aided by a familiar blonde time traveler, Donna corrects the alternate time line from happening."
S4E12 The Stolen Earth,4,12,S4E12,198a,The Stolen Earth,2008,2008-06-28,4.12,8.78,8780000.00,91,45,Russell T Davies,Graeme Harper,David Tennant,9.1,6824,0.08,"The return of an old enemy leaves Earth along with 26 other planets stolen from their places. As the Doctor and Donna look for the whereabouts of Earth, former companions of the Doctor assemble a resistance against the new Dalek Empire."
S4E13 Journey's End,4,13,S4E13,198b,Journey's End,2008,2008-07-05,4.13,10.57,10570000.00,91,63,Russell T Davies,Graeme Harper,David Tennant,9.2,7817,0.07,"In the wake of Davros' threat to destroy the existence of the Universe itself, the Doctor's companions unite to stop the Dalek empire. Which one will die by the prophecies and what will the fate be for the Doctor?"
SpecialE1 The Next Doctor,Special,1,SpecialE1,199,The Next Doctor,2008,2008-12-25,4.14,13.1,13100000.0,86,60,Russell T Davies,Andy Goddard,David Tennant,7.4,5930,0.05,The Doctor arrives in London on Christmas Eve in 1851 where he encounters the Cybermen and a man who claims he's a Time Lord called the Doctor.
SpecialE2 Planet of the Dead,Special,2,SpecialE2,200,Planet of the Dead,2009,2009-04-11,4.15,9.75,9750000.00,88,60,Russell T Davies,James Strong,David Tennant,7.4,5961,0.06,"A meeting in a London bus with jewel thief Lady Christina takes a turn for the worst for the Doctor when the bus takes a detour to a desert-like planet, where the deadly Swarm awaits."
SpecialE3 The Waters of Mars,Special,3,SpecialE3,201,The Waters of Mars,2009,2009-11-15,4.16,10.32,10320000.00,88,60,Russell T Davies,Graeme Harper,David Tennant,8.8,7671,0.07,In a Mars base the inhabitants are being infected by a mysterious water creature which takes over its victims. The Doctor is thrust into the middle of this catastrophe knowing a larger one is waiting around the corner
SpecialE4 The End of Time – Part One,Special,4,SpecialE4,202a,The End of Time – Part One,2009,2009-12-25,4.17,12.04,12040000.00,87,60,Russell T Davies,Euros Lyn,David Tennant,8.2,6805,0.06,The Ood have given a warning to The Doctor. The Master is returning yet that is not the biggest threat. A darkness is coming which brings with it The End of Time
SpecialE5 The End of Time – Part Two,Special,5,SpecialE5,202b,The End of Time – Part Two,2010,2010-01-01,4.18,12.27,12270000.00,89,75,Russell T Davies,Euros Lyn,David Tennant,8.9,7554,0.06,"With almost everyone on Earth now recast in his image, The Master controls the Earth. He's shocked however when he realises one person hasn't changed; Donna Noble. The Doctor soon understands what the pounding in the Master's head…"
S5E1 The Eleventh Hour,5,1,S5E1,203,The Eleventh Hour,2010,2010-04-03,1.1,10.09,10090000.00,86,65,Steven Moffat,Adam Smith,Matt Smith,8.8,7809,0.08,"With his TARDIS in ruins, the newly-regenerated Doctor with the help of Amy Pond must save the world in less than twenty minutes from galactic policemen known as the Atraxi."
S5E2 The Beast Below,5,2,S5E2,204,The Beast Below,2010,2010-04-10,1.2,8.42,8420000.00,86,45,Steven Moffat,Andrew Gunn,Matt Smith,7.6,6090,0.07,"The Doctor takes Amy to the future inside Starship UK, which contains in addition to British explorers, an intimidating race known as the Smilers."
S5E3 Victory of the Daleks,5,3,S5E3,205,Victory of the Daleks,2010,2010-04-17,1.3,8.21,8210000.00,84,45,Mark Gatiss,Andrew Gunn,Matt Smith,6.7,5921,0.07,"The TARDIS takes The Doctor and Amy to war-torn Britain in the middle of World War Two. Not only do they meet Winston Churchill himself, but the Doctor comes face to face once again with his greatest enemy of all."
S5E4 The Time of Angels,5,4,S5E4,206a,The Time of Angels,2010,2010-04-24,1.4,8.59,8590000.00,87,45,Steven Moffat,Adam Smith,Matt Smith,8.7,6607,0.08,"The Doctor and Amy emerge from the TARDIS to find the wreck of the Byzantium spaceship. Down below the Weeping Angels are stirring, but the Doctor has someone else to contend with; none other than the mysterious Professor River Song."
S5E5 Flesh and Stone,5,5,S5E5,206b,Flesh and Stone,2010,2010-05-01,1.5,8.5,8500000.0,86,45,Steven Moffat,Adam Smith,Matt Smith,8.6,6076,0.07,"The Doctor, Amy, Dr. Song and the remaining soldiers manage to escape from the crashed ship and into the forest. The Angels attempt to create a rift in time and space much as the Doctor had found in Amy's room when they first met. Amy meanwhile is counting down from 10 minutes and the Doctor has determined that an Angel has taken over her mind."
S5E6 The Vampires of Venice,5,6,S5E6,207,The Vampires of Venice,2010,2010-05-08,1.6,7.68,7680000.00,86,50,Toby Whithouse,Jonny Campbell,Matt Smith,7,5666,0.07,The Doctor and Amy cross swords in more ways than one with a horde of blood-sucking vampires in 16th century Venice.
S5E7 Amy's Choice,5,7,S5E7,208,Amy's Choice,2010,2010-05-15,1.7,7.55,7550000.00,84,45,Simon Nye,Catherine Morshead,Matt Smith,8.2,5989,0.08,"Five years after finally leaving the TARDIS Amy and Rory now married, live in the quiet little village of Leadworth. But everything is not what it would seem."
S5E8 The Hungry Earth,5,8,S5E8,209a,The Hungry Earth,2010,2010-05-22,1.8,6.49,6490000.00,86,45,Chris Chibnall,Ashley Way,Matt Smith,7.2,5316,0.08,"When a drill drills to deep into the earth, something that had been hibernating beneath the earth's crust is woken, and it's hungry for revenge."
S5E9 Cold Blood,5,9,S5E9,209b,Cold Blood,2010,2010-05-29,1.9,7.49,7490000.00,85,45,Chris Chibnall,Ashley Way,Matt Smith,7.4,5307,0.07,"The Silurians are awake, and Angry. The Silurians are preparing for war, A war that could decide who gets to live on earth, The Silurians or-the humans.."
S5E10 Vincent and the Doctor,5,10,S5E10,210,Vincent and the Doctor,2010,2010-06-05,1.1,6.76,6760000.00,86,45,Richard Curtis,Jonny Campbell,Matt Smith,9.3,10424,0.15,The Doctor and Amy travel back in time to meet Vincent Van Gogh and face an invisible monster that only the painter can see.
S5E11 The Lodger,5,11,S5E11,211,The Lodger,2010,2010-06-12,1.11,6.44,6440000.00,87,45,Gareth Roberts,Catherine Morshead,Matt Smith,8.1,5942,0.09,"After the TARDIS teleports without him, the doctor tries to find out what is stopping it from landing and traces it to a seemingly ordinary, two storey house."
S5E12 The Pandorica Opens,5,12,S5E12,212a,The Pandorica Opens,2010,2010-06-19,1.12,7.57,7570000.00,88,50,Steven Moffat,Toby Haynes,Matt Smith,9.1,6761,0.09,"River Song returns to deliver The Doctor a serious warning from his allies: the mythical Pandorica, said to contain the most feared creature in the entire Universe, is opening."
S5E13 The Big Bang,5,13,S5E13,212b,The Big Bang,2010,2010-06-26,1.13,6.7,6700000.0,89,55,Steven Moffat,Toby Haynes,Matt Smith,9.1,6969,0.1,"The Pandorica opened, silence fell, and now planet Earth is left alone in the universe. Jumping through time, the doctor must figure out a way to bring back those who never were and save his friends from the collapse of reality."
S6E0 A Christmas Carol,6,0,S6E0,213,A Christmas Carol,2010,2010-12-25,2.X,12.11,12110000.00,83,60,Steven Moffat,Toby Haynes,Matt Smith,8.6,6999,0.06,"on Christmas eve, The doctor travels into the past of a bitter old man who has the power to save Amy and Rory but doesn't want to save them, so that he doesn't grow up to be mean and bitter."
S6E1 The Impossible Astronaut,6,1,S6E1,214a,The Impossible Astronaut,2011,2011-04-23,2.1,8.86,8860000.00,88,45,Steven Moffat,Toby Haynes,Matt Smith,8.9,6855,0.08,"The Doctor, Amy, Rory and River Song are reunited in the Utah desert."
S6E2 Day of the Moon,6,2,S6E2,214b,Day of the Moon,2011,2011-04-30,2.2,7.3,7300000.0,87,45,Steven Moffat,Toby Haynes,Matt Smith,8.8,6326,0.09,The Doctor and his allies mount a rebellion against invaders who have been controlling humanity from the very beginning.
S6E3 The Curse of the Black Spot,6,3,S6E3,215,The Curse of the Black Spot,2011,2011-05-07,2.9,7.85,7850000.00,86,45,Stephen Thompson,Jeremy Webb,Matt Smith,6.7,5577,0.07,"The Doctor, Amy and Rory find themselves aboard a marooned pirate ship whose crew is being picked off one by one by a beautiful - and deadly - Siren."
S6E4 The Doctor's Wife,6,4,S6E4,216,The Doctor's Wife,2011,2011-05-14,2.3,7.97,7970000.00,87,45,Neil Gaiman,Richard Clark,Matt Smith,9,7385,0.09,The Doctor is lured to a sentient asteroid outside of the Universe by a Time Lord distress signal and soon realises his TARDIS is in grave danger.
S6E5 The Rebel Flesh,6,5,S6E5,217a,The Rebel Flesh,2011,2011-05-21,2.5,7.35,7350000.00,85,45,Matthew Graham,Julian Simpson,Matt Smith,7.2,4976,0.07,"A solar tsunami sends the TARDIS crew to an acid mining factory in the 22nd century, where a small team of workers come under attack from their doppelgangers."
S6E6 The Almost People,6,6,S6E6,217b,The Almost People,2011,2011-05-28,2.6,6.72,6720000.00,86,45,Matthew Graham,Julian Simpson,Matt Smith,7.4,4928,0.07,The gangers and humans battle for their lives as the factory crumbles and the Doctor tries to keep the peace - can everyone make it off the island alive?
S6E7 A Good Man Goes to War,6,7,S6E7,218,A Good Man Goes to War,2011,2011-06-04,2.7,7.51,7510000.00,88,50,Steven Moffat,Peter Hoar,Matt Smith,9.1,7097,0.09,A member of The Doctor's team has been abducted and he will call in every favor and maybe even go to war to get them back.
S6E8 Let's Kill Hitler,6,8,S6E8,219,Let's Kill Hitler,2011,2011-08-27,2.8,8.1,8100000.0,85,50,Steven Moffat,Richard Senior,Matt Smith,8,5680,0.07,"The search for Melody Pond brings the Doctor and his friends to Berlin in 1938, face-to-face with Adolf Hitler, River Song and a justice-serving, shapeshifting robot."
S6E9 Night Terrors,6,9,S6E9,220,Night Terrors,2011,2011-09-03,2.4,7.07,7070000.00,86,45,Mark Gatiss,Richard Clark,Matt Smith,7,4867,0.07,"Receiving a powerful distress call from a terrified little boy, the Doctor and his friends soon find that the monsters in his cupboard are real - and deadly."
S6E10 The Girl Who Waited,6,10,S6E10,221,The Girl Who Waited,2011,2011-09-10,2.10,7.6,7600000.0,85,45,Tom MacRae,Nick Hurran,Matt Smith,8.5,5693,0.07,"Amy is trapped in a quarantine facility where time moves faster than in reality, while the Doctor is confined to the TARDIS. Can Rory save his wife in time?"
S6E11 The God Complex,6,11,S6E11,222,The God Complex,2011,2011-09-17,2.11,6.77,6770000.00,86,50,Toby Whithouse,Nick Hurran,Matt Smith,8.1,5291,0.08,"The Doctor, Amy and Rory become trapped in a hotel of horrors unable to escape and unable to find the TARDIS. The Doctor must save as many people as he can taking many twists and seeing his own worst fear."
S6E12 Closing Time,6,12,S6E12,223,Closing Time,2011,2011-09-24,2.12,6.93,6930000.00,86,45,Gareth Roberts,Steve Hughes,Matt Smith,7.6,4946,0.07,"The Doctor makes one last stop before his death to see an old friend. But people are disappearing, there are reports of a silver rat and metal men are lurking in the shadows."
S6E13 The Wedding of River Song,6,13,S6E13,224,The Wedding of River Song,2011,2011-10-01,2.13,7.67,7670000.00,86,45,Steven Moffat,Jeremy Webb,Matt Smith,8.4,6048,0.08,"April 22nd, 2011; 5:02pm. Having finally accepted his fate the Doctor travels to Lake Silencio for his final day. But one woman refuses to let time take its course."
"S7E0 The Doctor, the Widow and the Wardrobe",7,0,S7E0,225,"The Doctor, the Widow and the Wardrobe",2011,2011-12-25,NA,10.77,10770000.00,84,60,Steven Moffat,Farren Blackburn,Matt Smith,7.2,5255,0.05,"It's Christmas Eve, 1938, when Madge Arwell comes to the aid of an injured Spaceman Angel as she cycles home. He promises to repay her kindness - all she has to do is make a wish. Three years later, a devastated Madge escapes war-torn London with her two children for a dilapidated house in Dorset. She is crippled with grief at the news her husband has been lost over the channel, but determined to give Lily and Cyril the best Christmas ever. The Arwells are surprised to be greeted by a madcap caretaker whose mysterious Christmas gift leads them into a magical wintry ..."
S7E1 Asylum of the Daleks,7,1,S7E1,226,Asylum of the Daleks,2012,2012-09-01,NA,8.33,8330000.00,89,50,Steven Moffat,Nick Hurran,Matt Smith,8.6,6919,0.08,"Amy, Rory and the Doctor are reunited when they are kidnapped by the Daleks, who send them on a mission to destroy the most horrifying place in the universe- the asylum of the Daleks."
S7E2 Dinosaurs on a Spaceship,7,2,S7E2,227,Dinosaurs on a Spaceship,2012,2012-09-08,NA,7.57,7570000.00,87,45,Chris Chibnall,Saul Metzstein,Matt Smith,7.3,5726,0.08,"The doctor gathers some of his old friends to help him investigate an unmanned spaceship on a crash course to earth that when it collides, will destroy it, they soon discover the ship's precious and dangerous cargo- dinosaurs."
S7E3 A Town Called Mercy,7,3,S7E3,228,A Town Called Mercy,2012,2012-09-15,NA,8.42,8420000.00,85,45,Toby Whithouse,Saul Metzstein,Matt Smith,7.3,5482,0.07,"The Doctor gets a Stetson (and a gun), and finds himself the reluctant Sheriff of a Western town under siege by a relentless cyborg who goes by the name of The Gunslinger. But who is he and what does he want?"
S7E4 The Power of Three,7,4,S7E4,229,The Power of Three,2012,2012-09-22,NA,7.67,7670000.00,87,41,Chris Chibnall,Douglas Mackinnon,Matt Smith,7.5,5310,0.07,"Earth is suddenly visited by millions of small black cubes of unknown origin. The Doctor joins Amy, Rory and Rory's father, Brian, to help discover what these cubes bring for humanity."
S7E5 The Angels Take Manhattan,7,5,S7E5,230,The Angels Take Manhattan,2012,2012-09-29,NA,7.82,7820000.00,88,45,Steven Moffat,Nick Hurran,Matt Smith,9,7591,0.1,"After Rory has an encounter with a weeping angel, the doctor and Amy travel to 1930's New York to save him, but they soon discover that the weeping angels have taken over Manhattan, and soon, maybe, the world."
S7E6 The Snowmen,7,6,S7E6,231,The Snowmen,2012,2012-12-25,NA,9.87,9870000.00,87,60,Steven Moffat,Saul Metzstein,Matt Smith,8.4,6260,0.06,"London, 1892. Snow is evolving, turning into icy monstrosities, but this is no concern for the Doctor who has given up trying to save the universe, leaving it to a clever young governess named Clara to save the day."
S7E7 The Bells of Saint John,7,7,S7E7,232,The Bells of Saint John,2013,2013-03-30,NA,8.44,8440000.00,87,45,Steven Moffat,Colm McCarthy,Matt Smith,7.9,5410,0.06,"The doctor finds Clara in present day, where they work together to solve the mystery of people disappearing which as it turns out, has a sinister link to WiFi."
S7E8 The Rings of Akhaten,7,8,S7E8,233,The Rings of Akhaten,2013,2013-04-06,NA,7.45,7450000.00,84,44,Neil Cross,Farren Blackburn,Matt Smith,7.3,5851,0.08,"The doctor takes Clara to the rings of Akheten, A partly destroyed planet, where a religious ceremony is about to be carried out, but a darkness is stirring, a hungry darkness that could consume the rings of Akhetan and the universe."
S7E9 Cold War,7,9,S7E9,234,Cold War,2013,2013-04-13,NA,7.37,7370000.00,84,45,Mark Gatiss,Douglas Mackinnon,Matt Smith,7.1,5001,0.07,"The doctor and Clara find themselves on a Russian cold war submarine that is falling to the bottom of the ocean because of an attack by a rogue Martian warrior, that 's still aboard."
S7E10 Hide,7,10,S7E10,235,Hide,2013,2013-04-20,NA,6.61,6610000.00,85,45,Neil Cross,Jamie Payne,Matt Smith,7.6,4962,0.08,The Doctor and Clara arrive at a supposedly haunted mansion where they find a ghost hunter and a psychic who are on the search for a legendary ghost known as 'the witch of the well'
S7E11 Journey to the Centre of the TARDIS,7,11,S7E11,236,Journey to the Centre of the TARDIS,2013,2013-04-27,NA,6.5,6500000.0,85,45,Stephen Thompson,Mat King,Matt Smith,7.4,5012,0.08,"After the TARDIS is caught accidentally by an outer space trash collector, Clara is trapped deep inside of it where she finds herself on a journey through the doctor's past and her future."
S7E12 The Crimson Horror,7,12,S7E12,237,The Crimson Horror,2013,2013-05-04,NA,6.47,6470000.00,85,45,Mark Gatiss,Saul Metzstein,Matt Smith,7.3,4779,0.07,"When they find a picture of the Doctor in a recently dead man's eye, it's up to Madame Vastra, Jenny and Strax to save The Doctor and find out what sinister secrets are going on at Sweetsville, Yorkshire."
S7E13 Nightmare in Silver,7,13,S7E13,238,Nightmare in Silver,2013,2013-05-11,NA,6.64,6640000.00,84,45,Neil Gaiman,Stephen Woolfenden,Matt Smith,7.3,4809,0.07,"the doctor takes Clara and the children she babysits to a rundown amusement park in space where Cybermen are hiding, and ready to invade the most precious place in the universe, The Doctor's mind."
S7E14 The Name of the Doctor,7,14,S7E14,239,The Name of the Doctor,2013,2013-05-18,NA,7.45,7450000.00,88,45,Steven Moffat,Saul Metzstein,Matt Smith,9,7323,0.1,"The Doctor's friends are being kidnapped, which leads him to the fields of Trenzalore, where his greatest secret will be revealed and Clara's mystery will be solved."
Special(15th Ann) The Day of the Doctor,Special,1,Special(15th Ann),240,The Day of the Doctor,2013,2013-11-23,NA,12.8,12800000.0,88,77,Steven Moffat,Nick Hurran,Matt Smith,9.3,20238,0.16,"In 2013, something terrible is awakening in London's National Gallery; in 1562, a murderous plot is afoot in Elizabethan England; and somewhere in space an ancient battle reaches its devastating conclusion."
S8E0 The Time of the Doctor,8,0,S8E0,241,The Time of the Doctor,2013,2013-12-25,NA,11.14,11140000.00,83,60,Steven Moffat,Jamie Payne,Matt Smith,8.4,6500,0.06,"The Doctor's worst enemies, The Daleks, The Cybermen, The Angels and The Silence, return, as the doctor's eleventh life comes to a close, and his twelfth life begins."
S8E1 Deep Breath,8,1,S8E1,242,Deep Breath,2014,2014-08-23,NA,9.17,9170000.00,82,76,Steven Moffat,Ben Wheatley,Peter Capaldi,7.9,7546,0.08,"When the newly-regenerated doctor arrives in Victorian London, he finds a dinosaur rampant in the Thames and a spate of deadly spontaneous combustions."
S8E2 Into the Dalek,8,2,S8E2,243,Into the Dalek,2014,2014-08-30,NA,7.29,7290000.00,84,45,Steven Moffat,Ben Wheatley,Peter Capaldi,7.6,5964,0.08,Know what this is about? Be the first one to add a plot.
S8E3 Robot of Sherwood,8,3,S8E3,244,Robot of Sherwood,2014,2014-09-06,NA,7.28,7280000.00,82,46,Mark Gatiss,Paul Murphy,Peter Capaldi,7,6103,0.08,"In Sherwood Forest, the Doctor uncovers a sinister alien plot and forms an alliance with Robin Hood. With Nottingham at stake, the Doctor must decide who is real and who is fake."
S8E4 Listen,8,4,S8E4,245,Listen,2014,2014-09-13,NA,7.01,7010000.00,82,48,Steven Moffat,Douglas Mackinnon,Peter Capaldi,8.9,7605,0.11,"When ghosts of past and future crowd into their lives, The Doctor and Clara are thrown into an adventure that takes them to the very end of the universe."
S8E5 Time Heist,8,5,S8E5,246,Time Heist,2014,2014-09-20,NA,6.99,6990000.00,84,45,Steven Moffat,Douglas Mackinnon,Peter Capaldi,7.9,5591,0.08,"The Doctor and Clara wake up in a room with two other people, unable to remember how they got there. As it turns out Someone known as the Architect has employed them to Break into the Universe's most secure bank."
S8E6 The Caretaker,8,6,S8E6,247,The Caretaker,2014,2014-09-27,NA,6.82,6820000.00,83,45,Steven Moffat,Paul Murphy,Peter Capaldi,7.2,4931,0.07,"The terrifying Skovox Blitzer is ready to destroy all humanity - but worse, and any second now, Danny Pink and the Doctor are going to meet."
S8E7 Kill the Moon,8,7,S8E7,248,Kill the Moon,2014,2014-10-04,NA,6.91,6910000.00,82,45,Peter Harness,Paul Wilmshurst,Peter Capaldi,6.8,5666,0.08,"In the near future, the Doctor and Clara find themselves on a space shuttle making a suicide mission to the Moon. Crash-landing on the lunar surface they find the most terrible things."
S8E8 Mummy on the Orient Express,8,8,S8E8,249,Mummy on the Orient Express,2014,2014-10-11,NA,7.11,7110000.00,85,47,Jamie Mathieson,Paul Wilmshurst,Peter Capaldi,8.5,5526,0.08,"On the most beautiful train in history, speeding amongst the stars of the future, a deadly and immortal creature is stalking the passengers."
S8E9 Flatline,8,9,S8E9,250,Flatline,2014,2014-10-18,NA,6.71,6710000.00,85,43,Jamie Mathieson,Douglas Mackinnon,Peter Capaldi,8.4,5256,0.08,"A problem happens with the Tardis, trapping the Doctor inside and leaving Clara to fend for herself against a two dimensional enemy."
S8E10 In the Forest of the Night,8,10,S8E10,251,In the Forest of the Night,2014,2014-10-25,NA,6.92,6920000.00,83,45,Frank Cottrell-Boyce,Sheree Folkson,Peter Capaldi,6,5123,0.07,"One morning in London, and every city and town in the world, the human race wakes up to the most surprising invasion yet: the trees have moved back in. Everywhere, in every land, a forest has grown and taken back the Earth."
S8E11 Dark Water,8,11,S8E11,252a,Dark Water,2014,2014-11-01,NA,7.34,7340000.00,85,46,Steven Moffat,Rachel Talalay,Peter Capaldi,8.6,5542,0.08,"In the mysterious world of the Nethersphere, plans have been drawn. Old friends and old enemies manoeuvre around the Doctor, and an impossible choice is looming over him."
S8E12 Death in Heaven,8,12,S8E12,252b,Death in Heaven,2014,2014-11-08,NA,7.6,7600000.0,83,57,Steven Moffat,Rachel Talalay,Peter Capaldi,7.8,5308,0.07,"With Cybermen on the streets of London, old friends unite against old enemies and the Doctor takes to the air in a startling new role. As the Doctor faces his greatest challenge, sacrifices must be made before the day is won."
S9E0 Last Christmas,9,0,S9E0,253,Last Christmas,2014,2014-12-25,NA,8.28,8280000.00,82,60,Steven Moffat,Paul Wilmshurst,Peter Capaldi,8.2,5241,0.06,"The Doctor and Clara face their Last Christmas. Trapped on an Arctic base, under attack from terrifying creatures, who are you going to call? Santa Claus!"
S9E1 The Magician's Apprentice,9,1,S9E1,254a,The Magician's Apprentice,2015,2015-09-19,NA,6.54,6540000.00,84,46,Steven Moffat,Hettie MacDonald,Peter Capaldi,8.4,5750,0.09,"When the skies of Earth are frozen by a mysterious alien force, Clara needs her friend, the Doctor. But where is he and what is he hiding from?"
S9E2 The Witch's Familiar,9,2,S9E2,254b,The Witch's Familiar,2015,2015-09-26,NA,5.71,5710000.00,83,48,Steven Moffat,Hettie MacDonald,Peter Capaldi,8.4,5106,0.09,"Trapped and alone in a terrifying Dalek city, the Doctor is at the heart of an evil Empire; no sonic, no TARDIS, nobody to help. With his greatest temptation before him, can the Doctor resist? And will there be mercy?"
S9E3 Under the Lake,9,3,S9E3,255a,Under the Lake,2015,2015-10-03,NA,5.63,5630000.00,84,43,Toby Whithouse,Daniel O'Hara,Peter Capaldi,8.2,4899,0.09,The Doctor and Clara find themselves on a underwater station where the crew live in fear of deadly ghosts which have taken over the station.
S9E4 Before the Flood,9,4,S9E4,255b,Before the Flood,2015,2015-10-10,NA,6.05,6050000.00,83,42,Toby Whithouse,Daniel O'Hara,Peter Capaldi,8.1,4617,0.08,"In a town that never was, the Doctor and his friends are being stalked by a mysterious figure. With the past and future in the balance, can the Doctor stop the evil Fisher King? And more importantly, who composed Beethoven's 5th."
S9E5 The Girl Who Died,9,5,S9E5,256,The Girl Who Died,2015,2015-10-17,NA,6.56,6560000.00,82,46,Steven Moffat,Ed Bazalgette,Peter Capaldi,7.5,4673,0.07,"In a Viking village, a girl named Ashildr is about to make a desperate mistake. The Mire are the deadliest mercenaries in the galaxy, famed for showing no mercy and Ashildr has just declared war on them. The Doctor and Clara have 12 hours to turn a peaceful village into strong fighters, ready for the deadly Mire."
S9E6 The Woman Who Lived,9,6,S9E6,257,The Woman Who Lived,2015,2015-10-24,NA,6.11,6110000.00,81,46,Catherine Tregenna,Ed Bazalgette,Peter Capaldi,7.4,4527,0.07,"England, 1651. A deadly highwayman known only as 'The Knightmare' plagues the dark streets of London, his fire-breathing accomplice by his side. There's something clearly more than human here, and that includes the loot as much as the outlaws. Who are these creatures, and are they enemies to be fought, or friends who might possibly save the Doctor from certain doom on the gallows?"
S9E7 The Zygon Invasion,9,7,S9E7,258a,The Zygon Invasion,2015,2015-10-31,NA,5.76,5760000.00,82,46,Peter Harness,Daniel Nettheim,Peter Capaldi,7.8,4396,0.08,"Zygons, a shape-shifting alien race, and humans live in peace together on earth, but a group of rogue zygons threaten the peace between humans and zygons."
S9E8 The Zygon Inversion,9,8,S9E8,258b,The Zygon Inversion,2015,2015-11-07,NA,6.03,6030000.00,84,46,Steven Moffat,Daniel Nettheim,Peter Capaldi,8.5,4775,0.08,"With the Zygons invading England, and UNIT neutralized, the Doctor stands alone to stop the Zygons from taking over the entire planet. But how can he stop the Zygons? And how can he save his friends?"
S9E9 Sleep No More,9,9,S9E9,259,Sleep No More,2015,2015-11-14,NA,5.61,5610000.00,78,45,Mark Gatiss,Justin Molotnikov,Peter Capaldi,5.8,4838,0.09,"Vision recovered from the wreckage of Le Verrier Space Station shows how the Doctor and Clara became entangled in a rescue mission. As the footage plays out, a horrifying secret is uncovered."
S9E10 Face the Raven,9,10,S9E10,260,Face the Raven,2015,2015-11-21,NA,6.05,6050000.00,84,47,Sarah Dollard,Justin Molotnikov,Peter Capaldi,8.5,5288,0.09,"The Doctor and Clara are called back to Earth when Rigsy discovers a strange tattoo on the back of his neck that appears to be counting down to zero. Their investigation leads them to a hidden street in the middle of London, the discovery that Rigsy has been issued a death sentence, and one of them facing the choice of having to make the ultimate sacrifice; to face the Raven!"
S9E11 Heaven Sent,9,11,S9E11,261,Heaven Sent,2015,2015-11-28,NA,6.19,6190000.00,80,54,Steven Moffat,Rachel Talalay,Peter Capaldi,9.6,10323,0.17,"Trapped in a world unlike any other he has seen, the Doctor faces the greatest challenge of his many lives. One final test. And he must face it alone..."
S9E12 Hell Bent,9,12,S9E12,262,Hell Bent,2015,2015-12-05,NA,6.17,6170000.00,82,61,Steven Moffat,Rachel Talalay,Peter Capaldi,8.6,5965,0.1,"If you took everything from him, betrayed him, trapped him, and broke both his hearts... how far might the Doctor go? Returning to Gallifrey, the Doctor faces the Time Lords in a struggle that will take him to the end of time itself. Who is the Hybrid? And what is the Doctor's confession?"
S9E13 The Husbands of River Song,9,13,S9E13,263,The Husbands of River Song,2015,2015-12-25,NA,7.69,7690000.00,82,56,Steven Moffat,Douglas Mackinnon,Peter Capaldi,8.5,5106,0.07,"When a crashed spaceship calls upon the Doctor for help, he finds himself recruited into River Song's squad and hurled into a chase across the galaxy."
S10E0 The Return of Doctor Mysterio,10,0,S10E0,264,The Return of Doctor Mysterio,2016,2016-12-25,NA,7.83,7830000.00,82,60,Steven Moffat,Ed Bazalgette,Peter Capaldi,7.4,4844,0.06,"In New York, with brain-swapping aliens poised to attack, the Doctor and Nardole link up with an investigative reporter and a mysterious masked superhero known only as the Ghost. Can the Doctor save Manhattan? And what will be revealed when we see behind the mask?"
S10E1 The Pilot,10,1,S10E1,265,The Pilot,2017,2017-04-15,NA,6.68,6680000.00,83,50,Steven Moffat,Lawrence Gough,Peter Capaldi,7.9,4800,0.07,The Doctor and Nardole team up with a university student to take down a sinister life-mimicking alien.
S10E2 Smile,10,2,S10E2,266,Smile,2017,2017-04-22,NA,5.98,5980000.00,83,46,Frank Cottrell-Boyce,Lawrence Gough,Peter Capaldi,7.1,4083,0.07,"The Doctor brings Bill to a future human colony, where cute EmojiBots work as willing servants and make sure everybody's happy, but if they're not happy ,they're harvested, so Bill and The Doctor better smile, or else."
S10E3 Thin Ice,10,3,S10E3,267,Thin Ice,2017,2017-04-29,NA,5.61,5610000.00,84,44,Sarah Dollard,Bill Anderson,Peter Capaldi,7.3,3920,0.07,The Doctor and Bill visit London during the last of the River Thames frost fairs in February 1814. They soon discover that there is something under the ice which is causing people to disappear.
S10E4 Knock Knock,10,4,S10E4,268,Knock Knock,2017,2017-05-06,NA,5.73,5730000.00,83,44,Mike Bartlett,Bill Anderson,Peter Capaldi,7.3,3874,0.07,"Bill is moving in with some friends and they've found the perfect house rented by the landlord. The wind blows, the floorboards creak and the Doctor thinks something is very wrong."
S10E5 Oxygen,10,5,S10E5,269,Oxygen,2017,2017-05-13,NA,5.27,5270000.00,83,45,Jamie Mathieson,Charles Palmer,Peter Capaldi,8.1,3992,0.08,"When the Doctor, Bill and Nardole become trapped on a space station without oxygen, they discover the spacesuits are trying to kill them."
S10E6 Extremis,10,6,S10E6,270,Extremis,2017,2017-05-20,NA,5.53,5530000.00,82,49,Steven Moffat,Daniel Nettheim,Peter Capaldi,8.4,4112,0.07,"The Doctor is called by the Vatican to solve the mystery of a text called the Veritas, that when someone reads it dies soon after. But something is dwelling in the Vatican, and doesn't want the Veritas to be read."
S10E7 The Pyramid at the End of the World,10,7,S10E7,271,The Pyramid at the End of the World,2017,2017-05-27,NA,5.79,5790000.00,82,46,Steven Moffat,Daniel Nettheim,Peter Capaldi,7.6,3566,0.06,"A 5,000-year-old pyramid appears overnight, baffling everyone including the Doctor."
S10E8 The Lie of the Land,10,8,S10E8,272,The Lie of the Land,2017,2017-06-03,NA,4.82,4820000.00,82,45,Toby Whithouse,Wayne Yip,Peter Capaldi,7.1,3461,0.07,"Earth is invaded and Bill is living alone in occupied Britain. The Doctor appears to be on the side of the enemy, flooding the airwaves with fake news. Bill and Nardole embark on a deadly mission to rescue the Doctor and lead the resistance against the new regime, whatever the cost."
S10E9 Empress of Mars,10,9,S10E9,273,Empress of Mars,2017,2017-06-10,NA,5.02,5020000.00,83,44,Mark Gatiss,Wayne Yip,Peter Capaldi,7,3416,0.07,"The Doctor, Bill and Nardole discover a tomb of the Queen of the Ice Warriors on Mars in 1881."
S10E10 The Eaters of Light,10,10,S10E10,274,The Eaters of Light,2017,2017-06-17,NA,4.73,4730000.00,81,42,Rona Munro,Charles Palmer,Peter Capaldi,6.8,3400,0.07,"A long time ago, the Roman legion of the ninth vanished into the mists of Scotland. Bill has a theory about what happened, and the Doctor has a time machine. But when they arrive in ancient Aberdeenshire, what they find is a far greater threat than any army. In a cairn, on a hillside, is a doorway leading to the end of the world."
S10E11 World Enough and Time,10,11,S10E11,275a,World Enough and Time,2017,2017-06-24,NA,5,5000000,85,46,Steven Moffat,Rachel Talalay,Peter Capaldi,9.2,4802,0.1,"Trapped on a giant spaceship, caught in the event horizon of a black hole, he witnesses the death of someone he is pledged to protect. Are events already out of control?"
S10E12 The Doctor Falls,10,12,S10E12,275b,The Doctor Falls,2017,2017-07-01,NA,5.3,5300000.0,83,60,Steven Moffat,Rachel Talalay,Peter Capaldi,9,4807,0.09,The Doctor makes a final stand against an army of Cybermen to protect a tiny band of humans from destruction.
S11E0 Twice Upon a Time,11,0,S11E0,276,Twice Upon a Time,2017,2017-12-25,NA,7.92,7920000.00,81,60,Steven Moffat,Rachel Talalay,Peter Capaldi,8.1,6378,0.08,"The Twelfth Doctor, still refusing to change, goes on a last adventure with the First Doctor."
S11E1 The Woman Who Fell to Earth,11,1,S11E1,277,The Woman Who Fell to Earth,2018,2018-10-07,NA,10.96,10960000.00,83,64,Chris Chibnall,Jamie Childs,Jodie Whittaker,6.8,10091,0.09,"In a South Yorkshire city, Ryan Sinclair, Yasmin Khan and Graham O'Brien are about to have their lives changed forever, as a mysterious woman, unable to remember her own name, falls from the night sky."
S11E2 The Ghost Monument,11,2,S11E2,278,The Ghost Monument,2018,2018-10-14,NA,9,9000000,82,49,Chris Chibnall,Mark Tonderai,Jodie Whittaker,5.9,7791,0.09,"Still reeling from their first encounter, can the Doctor and her new friends stay alive long enough, in a hostile alien environment, to solve the mystery of Desolation? And just who are Angstrom and Epzo?"
S11E3 Rosa,11,3,S11E3,279,Rosa,2018,2018-10-21,NA,8.41,8410000.00,83,50,Chris Chibnall,Mark Tonderai,Jodie Whittaker,6.9,9174,0.11,"Montgomery, Alabama, 1955. The Doctor and her friends find themselves in the Deep South of America. As they encounter a seamstress by the name of Rosa Parks, they begin to wonder whether someone is attempting to change history."
S11E4 Arachnids in the UK,11,4,S11E4,280,Arachnids in the UK,2018,2018-10-28,NA,8.22,8220000.00,83,49,Chris Chibnall,Sallie Aprahamian,Jodie Whittaker,4.9,7109,0.09,"The Doctor, Yaz, Graham, and Ryan find their way back to Yorkshire only to find something is stirring amidst the eight-legged arachnid population of Sheffield."
S11E5 The Tsuranga Conundrum,11,5,S11E5,281,The Tsuranga Conundrum,2018,2018-11-04,NA,7.76,7760000.00,79,51,Chris Chibnall,Jennifer Perrott,Jodie Whittaker,4.9,6577,0.08,"Injured and stranded in the wilds of a far-flung galaxy, The Doctor, Yaz, Graham, and Ryan must band together with a group of strangers to survive against one of the universe's most deadly - and unusual - creatures."
S11E6 Demons of the Punjab,11,6,S11E6,282,Demons of the Punjab,2018,2018-11-11,NA,7.48,7480000.00,80,50,Vinay Patel,Jamie Childs,Jodie Whittaker,6.4,6644,0.09,"Yasmin travels in time to visit her grandmother during her youth in the partition of India, but everyone gets caught up in the tragic bloodshed of that era."
S11E7 Kerblam!,11,7,S11E7,283,Kerblam!,2018,2018-11-18,NA,7.46,7460000.00,81,49,Pete McTighe,Jennifer Perrott,Jodie Whittaker,6.1,5843,0.08,"A mysterious message arrives in a package addressed to the Doctor, leading her, Graham, Yaz and Ryan to investigate the warehouse moon orbiting Kandoka, and the home of the galaxy's largest retailer."
S11E8 The Witchfinders,11,8,S11E8,284,The Witchfinders,2018,2018-11-25,NA,7.21,7210000.00,81,47,Joy Wilkinson,Sallie Aprahamian,Jodie Whittaker,5.5,5499,0.08,"Arriving in 17th Century Lancashire, the TARDIS team become embroiled in a witch trial. With the arrival of King James I, the hunt for witches intensifies. However, could something more dangerous be at play? Can the Doctor, Graham, Yaz and Ryan keep the populace of Bilehurst Cragg safe from the forces surrounding the land?"
S11E9 It Takes You Away,11,9,S11E9,285,It Takes You Away,2018,2018-12-02,NA,6.42,6420000.00,80,49,Ed Hime,Jamie Childs,Jodie Whittaker,6,5280,0.08,"On the edge of a Norwegian fjord, in the present day, The Doctor, Ryan, Graham and Yaz discover a boarded-up cottage and a girl named Hanne in need of their help. What has happened here? What monster lurks in the woods around the cottage - and beyond?"
S11E10 The Battle of Ranskoor Av Kolos,11,10,S11E10,286,The Battle of Ranskoor Av Kolos,2018,2018-12-09,NA,6.65,6650000.00,79,50,Chris Chibnall,Jamie Childs,Jodie Whittaker,5,4804,0.07,"Answering nine separate distress calls, the Doctor and team arrive on the remnants of a brutal battlefield on the planet Ranskoor Av Kolos. This planet has many secrets. An amnesiac commander? Mysterious mists? Who or what are the Ux? A deadly reckoning awaits the Doctor and team once they have the answers...."
S11E11 Resolution,11,11,S11E11,287,Resolution,2019,2019-01-01,NA,7.13,7130000.00,80,60,Chris Chibnall,Wayne Yip,Jodie Whittaker,5.6,4698,0.07,"As the New Year begins, a terrifying evil is stirring from across the centuries of Earth's history. As the Doctor, Ryan, Graham and Yaz return home, will they be able to overcome the threat to planet Earth?"
"S12E1 Spyfall, Part 1",12,1,S12E1,288a,"Spyfall, Part 1",2020,2020-01-01,NA,6.89,6890000.00,82,59,Chris Chibnall,Jamie Magnus Stone,Jodie Whittaker,6.4,5401,0.08,"When intelligence agents around the world come under attack from alien forces, MI6 turns to the only person who can help... The Doctor."
"S12E2 Spyfall, Part 2",12,2,S12E2,288b,"Spyfall, Part 2",2020,2020-01-05,NA,6.07,6070000.00,82,60,Chris Chibnall,Lee Haven Jones,Jodie Whittaker,6.3,4781,0.08,A terrifying plan to destroy humanity is about to reach fruition. Can the Doctor and her friends escape multiple traps and defeat a deadly alliance?
S12E3 Orphan 55,12,3,S12E3,289,Orphan 55,2020,2020-01-12,NA,5.38,5380000.00,77,46,Ed Hime,Lee Haven Jones,Jodie Whittaker,3.9,5383,0.1,"Having decided that everyone could do with a holiday, Graham accidentally teleports himself, the Doctor Yasmin and Ryan to a luxury resort for a spot of rest and relaxation. However, they discover the place where they are having a break is hiding a number of deadly secrets. What are the ferocious monsters that are attacking Tranquility Spa?"
S12E4 Nikola Tesla's Night of Terror,12,4,S12E4,290,Nikola Tesla's Night of Terror,2020,2020-01-19,NA,5.2,5200000.0,79,50,Nina Metivier,Nida Manzoor,Jodie Whittaker,6.3,4292,0.08,"The time: the earliest years of the 20th century. The place: New York City. Inventor Nikola Tesla is at war with his rival Thomas Edison. However, there's an even greater threat in their midst."
S12E5 Fugitive of the Judoon,12,5,S12E5,291,Fugitive of the Judoon,2020,2020-01-26,NA,5.57,5570000.00,83,50,Chris Chibnall,Nida Manzoor,Jodie Whittaker,7.3,4692,0.08,"Stomping their way into present-day Gloucester, the Judoon are on the hunt for someone on the run. Who is this fugitive? And why are these alien mercenaries after them?"
S12E6 Praxeus,12,6,S12E6,292,Praxeus,2020,2020-02-02,NA,5.22,5220000.00,78,49,Chris Chibnall,Jamie Magnus Stone,Jodie Whittaker,5,3860,0.07,The Doctor and her friends split up to investigate multiple mysteries across planet Earth. What they find will threaten all of humanity.
S12E7 Can You Hear Me?,12,7,S12E7,293,Can You Hear Me?,2020,2020-02-09,NA,4.9,4900000.0,78,49,Chris Chibnall,Emma Sullivan,Jodie Whittaker,5.5,3451,0.07,"From ancient Syria to present day Sheffield, and out into the wilds of space, something is stalking the Doctor and infecting people's nightmares."
S12E8 The Haunting of Villa Diodati,12,8,S12E8,294,The Haunting of Villa Diodati,2020,2020-02-16,NA,5.07,5070000.00,80,49,Maxine Alderton,Emma Sullivan,Jodie Whittaker,6.9,3582,0.07,"Villa Diodati, 1816 - on a night that inspired Mary Shelley's Frankenstein. The plan was to spend the evening in the presence of literary greats - but the ghosts are all too real. And the Doctor is forced into an earth-shattering decision."
S12E9 Ascension of the Cybermen,12,9,S12E9,295a,Ascension of the Cybermen,2020,2020-02-23,NA,4.99,4990000.00,81,49,Chris Chibnall,Jamie Magnus Stone,Jodie Whittaker,6.3,3355,0.07,"In the far future, the Doctor and her friends face a brutal battle across the farthest reaches of space to protect the last of the human race against the deadly Cybermen."
S12E10 The Timeless Children,12,10,S12E10,295b,The Timeless Children,2020,2020-03-01,NA,4.69,4690000.00,82,65,Chris Chibnall,Jamie Magnus Stone,Jodie Whittaker,4.9,4743,0.1,"In the epic and emotional season finale, the Cybermen are on the march. As the last remaining humans are ruthlessly hunted down, Graham, Ryan and Yaz face a terrifying fight to survive. Civilisations fall. Others rise anew. Lies are exposed, truths are revealed, battles are fought, and for the Doctor - trapped and alone - nothing will ever be the same again."
S12E11 Revolution of the Daleks,12,11,S12E11,296,Revolution of the Daleks,2021,2021-01-01,NA,6.36,6360000.00,79,71,Chris Chibnall,Lee Haven Jones,Jodie Whittaker,5.8,2808,0.04,"Robertson returns, and inadvertently gives the mutant Dalek a chance to clone itself. The Doctor escapes from her alien prison with the help of an old friend, and returns to help."
S13E1 The Halloween Apocalypse,13,1,S13E1,297a,The Halloween Apocalypse,2021,2021-10-31,NA,5.81,5810000.00,76,50,Chris Chibnall,Jamie Magnus Stone,Jodie Whittaker,6.7,4912,0.08,"At Halloween, all across the universe, terrifying forces are stirring. From the Arctic Circle to deep space, an ancient evil is breaking free. And in present day Liverpool, the life of Dan Lewis is about to change forever."
S13E2 War of the Sontarans,13,2,S13E2,297b,War of the Sontarans,2021,2021-11-07,NA,5.13,5130000.00,77,59,Chris Chibnall,Jamie Magnus Stone,Jodie Whittaker,7,4047,0.08,"During the Crimean War, the Doctor discovers the British army fighting a brutal alien army of Sontarans, as Yaz and Dan are thrown deeper into a battle for survival. What is the Temple of Atropos? Who are the Mouri?"
"S13E3 Once, Upon Time",13,3,S13E3,297c,"Once, Upon Time",2021,2021-11-14,NA,4.7,4700000.0,75,49,Chris Chibnall,Azhur Saleem,Jodie Whittaker,6,3488,0.07,"Time is beginning to run wild. On a planet that shouldn't exist, in the aftermath of apocalypse, the Doctor, Dan, Yaz, and Vinder face a battle to survive."
S13E4 Village of the Angels,13,4,S13E4,297d,Village of the Angels,2021,2021-11-21,NA,4.57,4570000.00,79,56,Chris Chibnall,Jamie Magnus Stone,Jodie Whittaker,7.7,4097,0.09,"Devon, November 1967. A little girl has gone missing, Prof Jericho is conducting psychic experiments and in the graveyard there is one gravestone too many. Why is Medderton known as The Cursed Village and what do the Weeping Angel..."
S13E5 Survivors of the Flux,13,5,S13E5,297e,Survivors of the Flux,2021,2021-11-28,NA,4.83,4830000.00,77,51,Chris Chibnall,Azhur Saleem,Jodie Whittaker,6.1,3343,0.07,"As the forces of evil mass, the Doctor, Yaz and Dan face perilous journeys and seemingly insurmountable obstacles in their quest for survival."
S13E6 The Vanquishers,13,6,S13E6,297f,The Vanquishers,2021,2021-12-05,NA,4.64,4640000.00,76,59,Chris Chibnall,Azhur Saleem,Jodie Whittaker,5.4,3547,0.08,"In the final epic chapter in the story of the Flux, all hope is lost. The forces of darkness are in control. But when the monsters have won, who can you count upon to save the universe?"